Pokedex,Name,Gen,bug,dark,dragon,electric,fairy,fighting,fire,flying,ghost,grass,ground,ice,normal,poison,psychic,rock,steel,water
1,Bulbasaur,1,0,0,0,0,0,0,0,0,0,1,0,0,0,1,0,0,0,0
2,Ivysaur,1,0,0,0,0,0,0,0,0,0,1,0,0,0,1,0,0,0,0
3,Venusaur,1,0,0,0,0,0,0,0,0,0,1,0,0,0,1,0,0,0,0
4,Charmander,1,0,0,0,0,0,0,1,0,0,0,0,0,0,0,0,0,0,0
5,Charmeleon,1,0,0,0,0,0,0,1,0,0,0,0,0,0,0,0,0,0,0
6,Charizard,1,0,0,0,0,0,0,1,1,0,0,0,0,0,0,0,0,0,0
7,Squirtle,1,0,0,0,0,0,0,0,0,0,0,0,0,0,0,0,0,0,1
8,Wartortle,1,0,0,0,0,0,0,0,0,0,0,0,0,0,0,0,0,0,1
9,Blastoise,1,0,0,0,0,0,0,0,0,0,0,0,0,0,0,0,0,0,1
10,Caterpie,1,1,0,0,0,0,0,0,0,0,0,0,0,0,0,0,0,0,0
11,Metapod,1,1,0,0,0,0,0,0,0,0,0,0,0,0,0,0,0,0,0
12,Butterfree,1,1,0,0,0,0,0,0,1,0,0,0,0,0,0,0,0,0,0
13,Weedle,1,1,0,0,0,0,0,0,0,0,0,0,0,0,1,0,0,0,0
14,Kakuna,1,1,0,0,0,0,0,0,0,0,0,0,0,0,1,0,0,0,0
15,Beedrill,1,1,0,0,0,0,0,0,0,0,0,0,0,0,1,0,0,0,0
16,Pidgey,1,0,0,0,0,0,0,0,1,0,0,0,0,1,0,0,0,0,0
17,Pidgeotto,1,0,0,0,0,0,0,0,1,0,0,0,0,1,0,0,0,0,0
18,Pidgeot,1,0,0,0,0,0,0,0,1,0,0,0,0,1,0,0,0,0,0
19,Rattata,1,0,1,0,0,0,0,0,0,0,0,0,0,1,0,0,0,0,0
20,Raticate,1,0,1,0,0,0,0,0,0,0,0,0,0,1,0,0,0,0,0
21,Spearow,1,0,0,0,0,0,0,0,1,0,0,0,0,1,0,0,0,0,0
22,Fearow,1,0,0,0,0,0,0,0,1,0,0,0,0,1,0,0,0,0,0
23,Ekans,1,0,0,0,0,0,0,0,0,0,0,0,0,0,1,0,0,0,0
24,Arbok,1,0,0,0,0,0,0,0,0,0,0,0,0,0,1,0,0,0,0
25,Pikachu,1,0,0,0,1,0,0,0,0,0,0,0,0,0,0,0,0,0,0
26,Raichu,1,0,0,0,1,0,0,0,0,0,0,0,0,0,0,0,0,0,0
27,Sandshrew,1,0,0,0,0,0,0,0,0,0,0,1,1,0,0,0,0,0,0
28,Sandslash,1,0,0,0,0,0,0,0,0,0,0,1,1,0,0,0,0,0,0
29,Nidoran-F,1,0,0,0,0,0,0,0,0,0,0,0,0,0,1,0,0,0,0
30,Nidorina,1,0,0,0,0,0,0,0,0,0,0,0,0,0,1,0,0,0,0
31,Nidoqueen,1,0,0,0,0,0,0,0,0,0,0,1,0,0,1,0,0,0,0
32,Nidoran-M,1,0,0,0,0,0,0,0,0,0,0,0,0,0,1,0,0,0,0
33,Nidorino,1,0,0,0,0,0,0,0,0,0,0,0,0,0,1,0,0,0,0
34,Nidoking,1,0,0,0,0,0,0,0,0,0,0,1,0,0,1,0,0,0,0
35,Clefairy,1,0,0,0,0,1,0,0,0,0,0,0,0,0,0,0,0,0,0
36,Clefable,1,0,0,0,0,1,0,0,0,0,0,0,0,0,0,0,0,0,0
37,Vulpix,1,0,0,0,0,0,0,1,0,0,0,0,1,0,0,0,0,0,0
38,Ninetales,1,0,0,0,0,0,0,1,0,0,0,0,1,0,0,0,0,0,0
39,Jigglypuff,1,0,0,0,0,1,0,0,0,0,0,0,0,1,0,0,0,0,0
40,Wigglytuff,1,0,0,0,0,1,0,0,0,0,0,0,0,1,0,0,0,0,0
41,Zubat,1,0,0,0,0,0,0,0,1,0,0,0,0,0,1,0,0,0,0
42,Golbat,1,0,0,0,0,0,0,0,1,0,0,0,0,0,1,0,0,0,0
43,Oddish,1,0,0,0,0,0,0,0,0,0,1,0,0,0,1,0,0,0,0
44,Gloom,1,0,0,0,0,0,0,0,0,0,1,0,0,0,1,0,0,0,0
45,Vileplume,1,0,0,0,0,0,0,0,0,0,1,0,0,0,1,0,0,0,0
46,Paras,1,1,0,0,0,0,0,0,0,0,1,0,0,0,0,0,0,0,0
47,Parasect,1,1,0,0,0,0,0,0,0,0,1,0,0,0,0,0,0,0,0
48,Venonat,1,1,0,0,0,0,0,0,0,0,0,0,0,0,1,0,0,0,0
49,Venomoth,1,1,0,0,0,0,0,0,0,0,0,0,0,0,1,0,0,0,0
50,Diglett,1,0,0,0,0,0,0,0,0,0,0,1,0,0,0,0,0,0,0
51,Dugtrio,1,0,0,0,0,0,0,0,0,0,0,1,0,0,0,0,0,0,0
52,Meowth,1,0,1,0,0,0,0,0,0,0,0,0,0,1,0,0,0,0,0
53,Persian,1,0,1,0,0,0,0,0,0,0,0,0,0,1,0,0,0,0,0
54,Psyduck,1,0,0,0,0,0,0,0,0,0,0,0,0,0,0,0,0,0,1
55,Golduck,1,0,0,0,0,0,0,0,0,0,0,0,0,0,0,0,0,0,1
56,Mankey,1,0,0,0,0,0,1,0,0,0,0,0,0,0,0,0,0,0,0
57,Primeape,1,0,0,0,0,0,1,0,0,0,0,0,0,0,0,0,0,0,0
58,Growlithe,1,0,0,0,0,0,0,1,0,0,0,0,0,0,0,0,0,0,0
59,Arcanine,1,0,0,0,0,0,0,1,0,0,0,0,0,0,0,0,0,0,0
60,Poliwag,1,0,0,0,0,0,0,0,0,0,0,0,0,0,0,0,0,0,1
61,Poliwhirl,1,0,0,0,0,0,0,0,0,0,0,0,0,0,0,0,0,0,1
62,Poliwrath,1,0,0,0,0,0,1,0,0,0,0,0,0,0,0,0,0,0,1
63,Abra,1,0,0,0,0,0,0,0,0,0,0,0,0,0,0,1,0,0,0
64,Kadabra,1,0,0,0,0,0,0,0,0,0,0,0,0,0,0,1,0,0,0
65,Alakazam,1,0,0,0,0,0,0,0,0,0,0,0,0,0,0,1,0,0,0
66,Machop,1,0,0,0,0,0,1,0,0,0,0,0,0,0,0,0,0,0,0
67,Machoke,1,0,0,0,0,0,1,0,0,0,0,0,0,0,0,0,0,0,0
68,Machamp,1,0,0,0,0,0,1,0,0,0,0,0,0,0,0,0,0,0,0
69,Bellsprout,1,0,0,0,0,0,0,0,0,0,1,0,0,0,1,0,0,0,0
70,Weepinbell,1,0,0,0,0,0,0,0,0,0,1,0,0,0,1,0,0,0,0
71,Victreebel,1,0,0,0,0,0,0,0,0,0,1,0,0,0,1,0,0,0,0
72,Tentacool,1,0,0,0,0,0,0,0,0,0,0,0,0,0,1,0,0,0,1
73,Tentacruel,1,0,0,0,0,0,0,0,0,0,0,0,0,0,1,0,0,0,1
74,Geodude,1,0,0,0,0,0,0,0,0,0,0,1,0,0,0,0,1,0,0
75,Graveler,1,0,0,0,0,0,0,0,0,0,0,1,0,0,0,0,1,0,0
76,Golem,1,0,0,0,0,0,0,0,0,0,0,1,0,0,0,0,1,0,0
77,Ponyta,1,0,0,0,0,0,0,1,0,0,0,0,0,0,0,0,0,0,0
78,Rapidash,1,0,0,0,0,0,0,1,0,0,0,0,0,0,0,0,0,0,0
79,Slowpoke,1,0,0,0,0,0,0,0,0,0,0,0,0,0,0,1,0,0,1
80,Slowbro,1,0,0,0,0,0,0,0,0,0,0,0,0,0,0,1,0,0,1
81,Magnemite,1,0,0,0,1,0,0,0,0,0,0,0,0,0,0,0,0,1,0
82,Magneton,1,0,0,0,1,0,0,0,0,0,0,0,0,0,0,0,0,1,0
83,Farfetchd,1,0,0,0,0,0,0,0,1,0,0,0,0,1,0,0,0,0,0
84,Doduo,1,0,0,0,0,0,0,0,1,0,0,0,0,1,0,0,0,0,0
85,Dodrio,1,0,0,0,0,0,0,0,1,0,0,0,0,1,0,0,0,0,0
86,Seel,1,0,0,0,0,0,0,0,0,0,0,0,0,0,0,0,0,0,1
87,Dewgong,1,0,0,0,0,0,0,0,0,0,0,0,1,0,0,0,0,0,1
88,Grimer,1,0,0,0,0,0,0,0,0,0,0,0,0,0,1,0,0,0,0
89,Muk,1,0,0,0,0,0,0,0,0,0,0,0,0,0,1,0,0,0,0
90,Shellder,1,0,0,0,0,0,0,0,0,0,0,0,0,0,0,0,0,0,1
91,Cloyster,1,0,0,0,0,0,0,0,0,0,0,0,1,0,0,0,0,0,1
92,Gastly,1,0,0,0,0,0,0,0,0,1,0,0,0,0,1,0,0,0,0
93,Haunter,1,0,0,0,0,0,0,0,0,1,0,0,0,0,1,0,0,0,0
94,Gengar,1,0,0,0,0,0,0,0,0,1,0,0,0,0,1,0,0,0,0
95,Onix,1,0,0,0,0,0,0,0,0,0,0,1,0,0,0,0,1,0,0
96,Drowzee,1,0,0,0,0,0,0,0,0,0,0,0,0,0,0,1,0,0,0
97,Hypno,1,0,0,0,0,0,0,0,0,0,0,0,0,0,0,1,0,0,0
98,Krabby,1,0,0,0,0,0,0,0,0,0,0,0,0,0,0,0,0,0,1
99,Kingler,1,0,0,0,0,0,0,0,0,0,0,0,0,0,0,0,0,0,1
100,Voltorb,1,0,0,0,1,0,0,0,0,0,0,0,0,0,0,0,0,0,0
101,Electrode,1,0,0,0,1,0,0,0,0,0,0,0,0,0,0,0,0,0,0
102,Exeggcute,1,0,0,0,0,0,0,0,0,0,1,0,0,0,0,1,0,0,0
103,Exeggutor,1,0,0,0,0,0,0,0,0,0,1,0,0,0,0,1,0,0,0
104,Cubone,1,0,0,0,0,0,0,0,0,0,0,1,0,0,0,0,0,0,0
105,Marowak,1,0,0,0,0,0,0,1,0,0,0,1,0,0,0,0,0,0,0
106,Hitmonlee,1,0,0,0,0,0,1,0,0,0,0,0,0,0,0,0,0,0,0
107,Hitmonchan,1,0,0,0,0,0,1,0,0,0,0,0,0,0,0,0,0,0,0
108,Lickitung,1,0,0,0,0,0,0,0,0,0,0,0,0,1,0,0,0,0,0
109,Koffing,1,0,0,0,0,0,0,0,0,0,0,0,0,0,1,0,0,0,0
110,Weezing,1,0,0,0,0,0,0,0,0,0,0,0,0,0,1,0,0,0,0
111,Rhyhorn,1,0,0,0,0,0,0,0,0,0,0,1,0,0,0,0,1,0,0
112,Rhydon,1,0,0,0,0,0,0,0,0,0,0,1,0,0,0,0,1,0,0
113,Chansey,1,0,0,0,0,0,0,0,0,0,0,0,0,1,0,0,0,0,0
114,Tangela,1,0,0,0,0,0,0,0,0,0,1,0,0,0,0,0,0,0,0
115,Kangaskhan,1,0,0,0,0,0,0,0,0,0,0,0,0,1,0,0,0,0,0
116,Horsea,1,0,0,0,0,0,0,0,0,0,0,0,0,0,0,0,0,0,1
117,Seadra,1,0,0,0,0,0,0,0,0,0,0,0,0,0,0,0,0,0,1
118,Goldeen,1,0,0,0,0,0,0,0,0,0,0,0,0,0,0,0,0,0,1
119,Seaking,1,0,0,0,0,0,0,0,0,0,0,0,0,0,0,0,0,0,1
120,Staryu,1,0,0,0,0,0,0,0,0,0,0,0,0,0,0,0,0,0,1
121,Starmie,1,0,0,0,0,0,0,0,0,0,0,0,0,0,0,1,0,0,1
122,Mr-Mime,1,0,0,0,0,1,0,0,0,0,0,0,0,0,0,1,0,0,0
123,Scyther,1,1,0,0,0,0,0,0,1,0,0,0,0,0,0,0,0,0,0
124,Jynx,1,0,0,0,0,0,0,0,0,0,0,0,1,0,0,1,0,0,0
125,Electabuzz,1,0,0,0,1,0,0,0,0,0,0,0,0,0,0,0,0,0,0
126,Magmar,1,0,0,0,0,0,0,1,0,0,0,0,0,0,0,0,0,0,0
127,Pinsir,1,1,0,0,0,0,0,0,0,0,0,0,0,0,0,0,0,0,0
128,Tauros,1,0,0,0,0,0,0,0,0,0,0,0,0,1,0,0,0,0,0
129,Magikarp,1,0,0,0,0,0,0,0,0,0,0,0,0,0,0,0,0,0,1
130,Gyarados,1,0,0,0,0,0,0,0,1,0,0,0,0,0,0,0,0,0,1
131,Lapras,1,0,0,0,0,0,0,0,0,0,0,0,1,0,0,0,0,0,1
132,Ditto,1,0,0,0,0,0,0,0,0,0,0,0,0,1,0,0,0,0,0
133,Eevee,1,0,0,0,0,0,0,0,0,0,0,0,0,1,0,0,0,0,0
134,Vaporeon,1,0,0,0,0,0,0,0,0,0,0,0,0,0,0,0,0,0,1
135,Jolteon,1,0,0,0,1,0,0,0,0,0,0,0,0,0,0,0,0,0,0
136,Flareon,1,0,0,0,0,0,0,1,0,0,0,0,0,0,0,0,0,0,0
137,Porygon,1,0,0,0,0,0,0,0,0,0,0,0,0,1,0,0,0,0,0
138,Omanyte,1,0,0,0,0,0,0,0,0,0,0,0,0,0,0,0,1,0,1
139,Omastar,1,0,0,0,0,0,0,0,0,0,0,0,0,0,0,0,1,0,1
140,Kabuto,1,0,0,0,0,0,0,0,0,0,0,0,0,0,0,0,1,0,1
141,Kabutops,1,0,0,0,0,0,0,0,0,0,0,0,0,0,0,0,1,0,1
142,Aerodactyl,1,0,0,0,0,0,0,0,1,0,0,0,0,0,0,0,1,0,0
143,Snorlax,1,0,0,0,0,0,0,0,0,0,0,0,0,1,0,0,0,0,0
144,Articuno,1,0,0,0,0,0,0,0,1,0,0,0,1,0,0,0,0,0,0
145,Zapdos,1,0,0,0,1,0,0,0,1,0,0,0,0,0,0,0,0,0,0
146,Moltres,1,0,0,0,0,0,0,1,1,0,0,0,0,0,0,0,0,0,0
147,Dratini,1,0,0,1,0,0,0,0,0,0,0,0,0,0,0,0,0,0,0
148,Dragonair,1,0,0,1,0,0,0,0,0,0,0,0,0,0,0,0,0,0,0
149,Dragonite,1,0,0,1,0,0,0,0,1,0,0,0,0,0,0,0,0,0,0
150,Mewtwo,1,0,0,0,0,0,0,0,0,0,0,0,0,0,0,1,0,0,0
151,Mew,1,0,0,0,0,0,0,0,0,0,0,0,0,0,0,1,0,0,0
152,Chikorita,2,0,0,0,0,0,0,0,0,0,1,0,0,0,0,0,0,0,0
153,Bayleef,2,0,0,0,0,0,0,0,0,0,1,0,0,0,0,0,0,0,0
154,Meganium,2,0,0,0,0,0,0,0,0,0,1,0,0,0,0,0,0,0,0
155,Cyndaquil,2,0,0,0,0,0,0,1,0,0,0,0,0,0,0,0,0,0,0
156,Quilava,2,0,0,0,0,0,0,1,0,0,0,0,0,0,0,0,0,0,0
157,Typhlosion,2,0,0,0,0,0,0,1,0,0,0,0,0,0,0,0,0,0,0
158,Totodile,2,0,0,0,0,0,0,0,0,0,0,0,0,0,0,0,0,0,1
159,Croconaw,2,0,0,0,0,0,0,0,0,0,0,0,0,0,0,0,0,0,1
160,Feraligatr,2,0,0,0,0,0,0,0,0,0,0,0,0,0,0,0,0,0,1
161,Sentret,2,0,0,0,0,0,0,0,0,0,0,0,0,1,0,0,0,0,0
162,Furret,2,0,0,0,0,0,0,0,0,0,0,0,0,1,0,0,0,0,0
163,Hoothoot,2,0,0,0,0,0,0,0,1,0,0,0,0,1,0,0,0,0,0
164,Noctowl,2,0,0,0,0,0,0,0,1,0,0,0,0,1,0,0,0,0,0
165,Ledyba,2,1,0,0,0,0,0,0,1,0,0,0,0,0,0,0,0,0,0
166,Ledian,2,1,0,0,0,0,0,0,1,0,0,0,0,0,0,0,0,0,0
167,Spinarak,2,1,0,0,0,0,0,0,0,0,0,0,0,0,1,0,0,0,0
168,Ariados,2,1,0,0,0,0,0,0,0,0,0,0,0,0,1,0,0,0,0
169,Crobat,2,0,0,0,0,0,0,0,1,0,0,0,0,0,1,0,0,0,0
170,Chinchou,2,0,0,0,1,0,0,0,0,0,0,0,0,0,0,0,0,0,1
171,Lanturn,2,0,0,0,1,0,0,0,0,0,0,0,0,0,0,0,0,0,1
172,Pichu,2,0,0,0,1,0,0,0,0,0,0,0,0,0,0,0,0,0,0
173,Cleffa,2,0,0,0,0,1,0,0,0,0,0,0,0,0,0,0,0,0,0
174,Igglybuff,2,0,0,0,0,1,0,0,0,0,0,0,0,1,0,0,0,0,0
175,Togepi,2,0,0,0,0,1,0,0,0,0,0,0,0,0,0,0,0,0,0
176,Togetic,2,0,0,0,0,1,0,0,1,0,0,0,0,0,0,0,0,0,0
177,Natu,2,0,0,0,0,0,0,0,1,0,0,0,0,0,0,1,0,0,0
178,Xatu,2,0,0,0,0,0,0,0,1,0,0,0,0,0,0,1,0,0,0
179,Mareep,2,0,0,0,1,0,0,0,0,0,0,0,0,0,0,0,0,0,0
180,Flaaffy,2,0,0,0,1,0,0,0,0,0,0,0,0,0,0,0,0,0,0
181,Ampharos,2,0,0,0,1,0,0,0,0,0,0,0,0,0,0,0,0,0,0
182,Bellossom,2,0,0,0,0,0,0,0,0,0,1,0,0,0,0,0,0,0,0
183,Marill,2,0,0,0,0,1,0,0,0,0,0,0,0,0,0,0,0,0,1
184,Azumarill,2,0,0,0,0,1,0,0,0,0,0,0,0,0,0,0,0,0,1
185,Sudowoodo,2,0,0,0,0,0,0,0,0,0,0,0,0,0,0,0,1,0,0
186,Politoed,2,0,0,0,0,0,0,0,0,0,0,0,0,0,0,0,0,0,1
187,Hoppip,2,0,0,0,0,0,0,0,1,0,1,0,0,0,0,0,0,0,0
188,Skiploom,2,0,0,0,0,0,0,0,1,0,1,0,0,0,0,0,0,0,0
189,Jumpluff,2,0,0,0,0,0,0,0,1,0,1,0,0,0,0,0,0,0,0
190,Aipom,2,0,0,0,0,0,0,0,0,0,0,0,0,1,0,0,0,0,0
191,Sunkern,2,0,0,0,0,0,0,0,0,0,1,0,0,0,0,0,0,0,0
192,Sunflora,2,0,0,0,0,0,0,0,0,0,1,0,0,0,0,0,0,0,0
193,Yanma,2,1,0,0,0,0,0,0,1,0,0,0,0,0,0,0,0,0,0
194,Wooper,2,0,0,0,0,0,0,0,0,0,0,1,0,0,0,0,0,0,1
195,Quagsire,2,0,0,0,0,0,0,0,0,0,0,1,0,0,0,0,0,0,1
196,Espeon,2,0,0,0,0,0,0,0,0,0,0,0,0,0,0,1,0,0,0
197,Umbreon,2,0,1,0,0,0,0,0,0,0,0,0,0,0,0,0,0,0,0
198,Murkrow,2,0,1,0,0,0,0,0,1,0,0,0,0,0,0,0,0,0,0
199,Slowking,2,0,0,0,0,0,0,0,0,0,0,0,0,0,0,1,0,0,1
200,Misdreavus,2,0,0,0,0,0,0,0,0,1,0,0,0,0,0,0,0,0,0
201,Unown,2,0,0,0,0,0,0,0,0,0,0,0,0,0,0,1,0,0,0
202,Wobbuffet,2,0,0,0,0,0,0,0,0,0,0,0,0,0,0,1,0,0,0
203,Girafarig,2,0,0,0,0,0,0,0,0,0,0,0,0,1,0,1,0,0,0
204,Pineco,2,1,0,0,0,0,0,0,0,0,0,0,0,0,0,0,0,0,0
205,Forretress,2,1,0,0,0,0,0,0,0,0,0,0,0,0,0,0,0,1,0
206,Dunsparce,2,0,0,0,0,0,0,0,0,0,0,0,0,1,0,0,0,0,0
207,Gligar,2,0,0,0,0,0,0,0,1,0,0,1,0,0,0,0,0,0,0
208,Steelix,2,0,0,0,0,0,0,0,0,0,0,1,0,0,0,0,0,1,0
209,Snubbull,2,0,0,0,0,1,0,0,0,0,0,0,0,0,0,0,0,0,0
210,Granbull,2,0,0,0,0,1,0,0,0,0,0,0,0,0,0,0,0,0,0
211,Qwilfish,2,0,0,0,0,0,0,0,0,0,0,0,0,0,1,0,0,0,1
212,Scizor,2,1,0,0,0,0,0,0,0,0,0,0,0,0,0,0,0,1,0
213,Shuckle,2,1,0,0,0,0,0,0,0,0,0,0,0,0,0,0,1,0,0
214,Heracross,2,1,0,0,0,0,1,0,0,0,0,0,0,0,0,0,0,0,0
215,Sneasel,2,0,1,0,0,0,0,0,0,0,0,0,1,0,0,0,0,0,0
216,Teddiursa,2,0,0,0,0,0,0,0,0,0,0,0,0,1,0,0,0,0,0
217,Ursaring,2,0,0,0,0,0,0,0,0,0,0,0,0,1,0,0,0,0,0
218,Slugma,2,0,0,0,0,0,0,1,0,0,0,0,0,0,0,0,0,0,0
219,Magcargo,2,0,0,0,0,0,0,1,0,0,0,0,0,0,0,0,1,0,0
220,Swinub,2,0,0,0,0,0,0,0,0,0,0,1,1,0,0,0,0,0,0
221,Piloswine,2,0,0,0,0,0,0,0,0,0,0,1,1,0,0,0,0,0,0
222,Corsola,2,0,0,0,0,0,0,0,0,0,0,0,0,0,0,0,1,0,1
223,Remoraid,2,0,0,0,0,0,0,0,0,0,0,0,0,0,0,0,0,0,1
224,Octillery,2,0,0,0,0,0,0,0,0,0,0,0,0,0,0,0,0,0,1
225,Delibird,2,0,0,0,0,0,0,0,1,0,0,0,1,0,0,0,0,0,0
226,Mantine,2,0,0,0,0,0,0,0,1,0,0,0,0,0,0,0,0,0,1
227,Skarmory,2,0,0,0,0,0,0,0,1,0,0,0,0,0,0,0,0,1,0
228,Houndour,2,0,1,0,0,0,0,1,0,0,0,0,0,0,0,0,0,0,0
229,Houndoom,2,0,1,0,0,0,0,1,0,0,0,0,0,0,0,0,0,0,0
230,Kingdra,2,0,0,1,0,0,0,0,0,0,0,0,0,0,0,0,0,0,1
231,Phanpy,2,0,0,0,0,0,0,0,0,0,0,1,0,0,0,0,0,0,0
232,Donphan,2,0,0,0,0,0,0,0,0,0,0,1,0,0,0,0,0,0,0
233,Porygon2,2,0,0,0,0,0,0,0,0,0,0,0,0,1,0,0,0,0,0
234,Stantler,2,0,0,0,0,0,0,0,0,0,0,0,0,1,0,0,0,0,0
235,Smeargle,2,0,0,0,0,0,0,0,0,0,0,0,0,1,0,0,0,0,0
236,Tyrogue,2,0,0,0,0,0,1,0,0,0,0,0,0,0,0,0,0,0,0
237,Hitmontop,2,0,0,0,0,0,1,0,0,0,0,0,0,0,0,0,0,0,0
238,Smoochum,2,0,0,0,0,0,0,0,0,0,0,0,1,0,0,1,0,0,0
239,Elekid,2,0,0,0,1,0,0,0,0,0,0,0,0,0,0,0,0,0,0
240,Magby,2,0,0,0,0,0,0,1,0,0,0,0,0,0,0,0,0,0,0
241,Miltank,2,0,0,0,0,0,0,0,0,0,0,0,0,1,0,0,0,0,0
242,Blissey,2,0,0,0,0,0,0,0,0,0,0,0,0,1,0,0,0,0,0
243,Raikou,2,0,0,0,1,0,0,0,0,0,0,0,0,0,0,0,0,0,0
244,Entei,2,0,0,0,0,0,0,1,0,0,0,0,0,0,0,0,0,0,0
245,Suicune,2,0,0,0,0,0,0,0,0,0,0,0,0,0,0,0,0,0,1
246,Larvitar,2,0,0,0,0,0,0,0,0,0,0,1,0,0,0,0,1,0,0
247,Pupitar,2,0,0,0,0,0,0,0,0,0,0,1,0,0,0,0,1,0,0
248,Tyranitar,2,0,1,0,0,0,0,0,0,0,0,0,0,0,0,0,1,0,0
249,Lugia,2,0,0,0,0,0,0,0,1,0,0,0,0,0,0,1,0,0,0
250,Ho-Oh,2,0,0,0,0,0,0,1,1,0,0,0,0,0,0,0,0,0,0
251,Celebi,2,0,0,0,0,0,0,0,0,0,1,0,0,0,0,1,0,0,0
252,Treecko,3,0,0,0,0,0,0,0,0,0,1,0,0,0,0,0,0,0,0
253,Grovyle,3,0,0,0,0,0,0,0,0,0,1,0,0,0,0,0,0,0,0
254,Sceptile,3,0,0,0,0,0,0,0,0,0,1,0,0,0,0,0,0,0,0
255,Torchic,3,0,0,0,0,0,0,1,0,0,0,0,0,0,0,0,0,0,0
256,Combusken,3,0,0,0,0,0,1,1,0,0,0,0,0,0,0,0,0,0,0
257,Blaziken,3,0,0,0,0,0,1,1,0,0,0,0,0,0,0,0,0,0,0
258,Mudkip,3,0,0,0,0,0,0,0,0,0,0,0,0,0,0,0,0,0,1
259,Marshtomp,3,0,0,0,0,0,0,0,0,0,0,1,0,0,0,0,0,0,1
260,Swampert,3,0,0,0,0,0,0,0,0,0,0,1,0,0,0,0,0,0,1
261,Poochyena,3,0,1,0,0,0,0,0,0,0,0,0,0,0,0,0,0,0,0
262,Mightyena,3,0,1,0,0,0,0,0,0,0,0,0,0,0,0,0,0,0,0
263,Zigzagoon,3,0,0,0,0,0,0,0,0,0,0,0,0,1,0,0,0,0,0
264,Linoone,3,0,0,0,0,0,0,0,0,0,0,0,0,1,0,0,0,0,0
265,Wurmple,3,1,0,0,0,0,0,0,0,0,0,0,0,0,0,0,0,0,0
266,Silcoon,3,1,0,0,0,0,0,0,0,0,0,0,0,0,0,0,0,0,0
267,Beautifly,3,1,0,0,0,0,0,0,1,0,0,0,0,0,0,0,0,0,0
268,Cascoon,3,1,0,0,0,0,0,0,0,0,0,0,0,0,0,0,0,0,0
269,Dustox,3,1,0,0,0,0,0,0,0,0,0,0,0,0,1,0,0,0,0
270,Lotad,3,0,0,0,0,0,0,0,0,0,1,0,0,0,0,0,0,0,1
271,Lombre,3,0,0,0,0,0,0,0,0,0,1,0,0,0,0,0,0,0,1
272,Ludicolo,3,0,0,0,0,0,0,0,0,0,1,0,0,0,0,0,0,0,1
273,Seedot,3,0,0,0,0,0,0,0,0,0,1,0,0,0,0,0,0,0,0
274,Nuzleaf,3,0,1,0,0,0,0,0,0,0,1,0,0,0,0,0,0,0,0
275,Shiftry,3,0,1,0,0,0,0,0,0,0,1,0,0,0,0,0,0,0,0
276,Taillow,3,0,0,0,0,0,0,0,1,0,0,0,0,1,0,0,0,0,0
277,Swellow,3,0,0,0,0,0,0,0,1,0,0,0,0,1,0,0,0,0,0
278,Wingull,3,0,0,0,0,0,0,0,1,0,0,0,0,0,0,0,0,0,1
279,Pelipper,3,0,0,0,0,0,0,0,1,0,0,0,0,0,0,0,0,0,1
280,Ralts,3,0,0,0,0,1,0,0,0,0,0,0,0,0,0,1,0,0,0
281,Kirlia,3,0,0,0,0,1,0,0,0,0,0,0,0,0,0,1,0,0,0
282,Gardevoir,3,0,0,0,0,1,0,0,0,0,0,0,0,0,0,1,0,0,0
283,Surskit,3,1,0,0,0,0,0,0,0,0,0,0,0,0,0,0,0,0,1
284,Masquerain,3,1,0,0,0,0,0,0,1,0,0,0,0,0,0,0,0,0,0
285,Shroomish,3,0,0,0,0,0,0,0,0,0,1,0,0,0,0,0,0,0,0
286,Breloom,3,0,0,0,0,0,1,0,0,0,1,0,0,0,0,0,0,0,0
287,Slakoth,3,0,0,0,0,0,0,0,0,0,0,0,0,1,0,0,0,0,0
288,Vigoroth,3,0,0,0,0,0,0,0,0,0,0,0,0,1,0,0,0,0,0
289,Slaking,3,0,0,0,0,0,0,0,0,0,0,0,0,1,0,0,0,0,0
290,Nincada,3,1,0,0,0,0,0,0,0,0,0,1,0,0,0,0,0,0,0
291,Ninjask,3,1,0,0,0,0,0,0,1,0,0,0,0,0,0,0,0,0,0
292,Shedinja,3,1,0,0,0,0,0,0,0,1,0,0,0,0,0,0,0,0,0
293,Whismur,3,0,0,0,0,0,0,0,0,0,0,0,0,1,0,0,0,0,0
294,Loudred,3,0,0,0,0,0,0,0,0,0,0,0,0,1,0,0,0,0,0
295,Exploud,3,0,0,0,0,0,0,0,0,0,0,0,0,1,0,0,0,0,0
296,Makuhita,3,0,0,0,0,0,1,0,0,0,0,0,0,0,0,0,0,0,0
297,Hariyama,3,0,0,0,0,0,1,0,0,0,0,0,0,0,0,0,0,0,0
298,Azurill,3,0,0,0,0,1,0,0,0,0,0,0,0,1,0,0,0,0,0
299,Nosepass,3,0,0,0,0,0,0,0,0,0,0,0,0,0,0,0,1,0,0
300,Skitty,3,0,0,0,0,0,0,0,0,0,0,0,0,1,0,0,0,0,0
301,Delcatty,3,0,0,0,0,0,0,0,0,0,0,0,0,1,0,0,0,0,0
302,Sableye,3,0,1,0,0,0,0,0,0,1,0,0,0,0,0,0,0,0,0
303,Mawile,3,0,0,0,0,1,0,0,0,0,0,0,0,0,0,0,0,1,0
304,Aron,3,0,0,0,0,0,0,0,0,0,0,0,0,0,0,0,1,1,0
305,Lairon,3,0,0,0,0,0,0,0,0,0,0,0,0,0,0,0,1,1,0
306,Aggron,3,0,0,0,0,0,0,0,0,0,0,0,0,0,0,0,1,1,0
307,Meditite,3,0,0,0,0,0,1,0,0,0,0,0,0,0,0,1,0,0,0
308,Medicham,3,0,0,0,0,0,1,0,0,0,0,0,0,0,0,1,0,0,0
309,Electrike,3,0,0,0,1,0,0,0,0,0,0,0,0,0,0,0,0,0,0
310,Manectric,3,0,0,0,1,0,0,0,0,0,0,0,0,0,0,0,0,0,0
311,Plusle,3,0,0,0,1,0,0,0,0,0,0,0,0,0,0,0,0,0,0
312,Minun,3,0,0,0,1,0,0,0,0,0,0,0,0,0,0,0,0,0,0
313,Volbeat,3,1,0,0,0,0,0,0,0,0,0,0,0,0,0,0,0,0,0
314,Illumise,3,1,0,0,0,0,0,0,0,0,0,0,0,0,0,0,0,0,0
315,Roselia,3,0,0,0,0,0,0,0,0,0,1,0,0,0,1,0,0,0,0
316,Gulpin,3,0,0,0,0,0,0,0,0,0,0,0,0,0,1,0,0,0,0
317,Swalot,3,0,0,0,0,0,0,0,0,0,0,0,0,0,1,0,0,0,0
318,Carvanha,3,0,1,0,0,0,0,0,0,0,0,0,0,0,0,0,0,0,1
319,Sharpedo,3,0,1,0,0,0,0,0,0,0,0,0,0,0,0,0,0,0,1
320,Wailmer,3,0,0,0,0,0,0,0,0,0,0,0,0,0,0,0,0,0,1
321,Wailord,3,0,0,0,0,0,0,0,0,0,0,0,0,0,0,0,0,0,1
322,Numel,3,0,0,0,0,0,0,1,0,0,0,1,0,0,0,0,0,0,0
323,Camerupt,3,0,0,0,0,0,0,1,0,0,0,1,0,0,0,0,0,0,0
324,Torkoal,3,0,0,0,0,0,0,1,0,0,0,0,0,0,0,0,0,0,0
325,Spoink,3,0,0,0,0,0,0,0,0,0,0,0,0,0,0,1,0,0,0
326,Grumpig,3,0,0,0,0,0,0,0,0,0,0,0,0,0,0,1,0,0,0
327,Spinda,3,0,0,0,0,0,0,0,0,0,0,0,0,1,0,0,0,0,0
328,Trapinch,3,0,0,0,0,0,0,0,0,0,0,1,0,0,0,0,0,0,0
329,Vibrava,3,0,0,1,0,0,0,0,0,0,0,1,0,0,0,0,0,0,0
330,Flygon,3,0,0,1,0,0,0,0,0,0,0,1,0,0,0,0,0,0,0
331,Cacnea,3,0,0,0,0,0,0,0,0,0,1,0,0,0,0,0,0,0,0
332,Cacturne,3,0,1,0,0,0,0,0,0,0,1,0,0,0,0,0,0,0,0
333,Swablu,3,0,0,0,0,0,0,0,1,0,0,0,0,1,0,0,0,0,0
334,Altaria,3,0,0,1,0,0,0,0,1,0,0,0,0,0,0,0,0,0,0
335,Zangoose,3,0,0,0,0,0,0,0,0,0,0,0,0,1,0,0,0,0,0
336,Seviper,3,0,0,0,0,0,0,0,0,0,0,0,0,0,1,0,0,0,0
337,Lunatone,3,0,0,0,0,0,0,0,0,0,0,0,0,0,0,1,1,0,0
338,Solrock,3,0,0,0,0,0,0,0,0,0,0,0,0,0,0,1,1,0,0
339,Barboach,3,0,0,0,0,0,0,0,0,0,0,1,0,0,0,0,0,0,1
340,Whiscash,3,0,0,0,0,0,0,0,0,0,0,1,0,0,0,0,0,0,1
341,Corphish,3,0,0,0,0,0,0,0,0,0,0,0,0,0,0,0,0,0,1
342,Crawdaunt,3,0,1,0,0,0,0,0,0,0,0,0,0,0,0,0,0,0,1
343,Baltoy,3,0,0,0,0,0,0,0,0,0,0,1,0,0,0,1,0,0,0
344,Claydol,3,0,0,0,0,0,0,0,0,0,0,1,0,0,0,1,0,0,0
345,Lileep,3,0,0,0,0,0,0,0,0,0,1,0,0,0,0,0,1,0,0
346,Cradily,3,0,0,0,0,0,0,0,0,0,1,0,0,0,0,0,1,0,0
347,Anorith,3,1,0,0,0,0,0,0,0,0,0,0,0,0,0,0,1,0,0
348,Armaldo,3,1,0,0,0,0,0,0,0,0,0,0,0,0,0,0,1,0,0
349,Feebas,3,0,0,0,0,0,0,0,0,0,0,0,0,0,0,0,0,0,1
350,Milotic,3,0,0,0,0,0,0,0,0,0,0,0,0,0,0,0,0,0,1
351,Castform,3,0,0,0,0,0,0,0,0,0,0,0,0,1,0,0,0,0,0
352,Kecleon,3,0,0,0,0,0,0,0,0,0,0,0,0,1,0,0,0,0,0
353,Shuppet,3,0,0,0,0,0,0,0,0,1,0,0,0,0,0,0,0,0,0
354,Banette,3,0,0,0,0,0,0,0,0,1,0,0,0,0,0,0,0,0,0
355,Duskull,3,0,0,0,0,0,0,0,0,1,0,0,0,0,0,0,0,0,0
356,Dusclops,3,0,0,0,0,0,0,0,0,1,0,0,0,0,0,0,0,0,0
357,Tropius,3,0,0,0,0,0,0,0,1,0,1,0,0,0,0,0,0,0,0
358,Chimecho,3,0,0,0,0,0,0,0,0,0,0,0,0,0,0,1,0,0,0
359,Absol,3,0,1,0,0,0,0,0,0,0,0,0,0,0,0,0,0,0,0
360,Wynaut,3,0,0,0,0,0,0,0,0,0,0,0,0,0,0,1,0,0,0
361,Snorunt,3,0,0,0,0,0,0,0,0,0,0,0,1,0,0,0,0,0,0
362,Glalie,3,0,0,0,0,0,0,0,0,0,0,0,1,0,0,0,0,0,0
363,Spheal,3,0,0,0,0,0,0,0,0,0,0,0,1,0,0,0,0,0,1
364,Sealeo,3,0,0,0,0,0,0,0,0,0,0,0,1,0,0,0,0,0,1
365,Walrein,3,0,0,0,0,0,0,0,0,0,0,0,1,0,0,0,0,0,1
366,Clamperl,3,0,0,0,0,0,0,0,0,0,0,0,0,0,0,0,0,0,1
367,Huntail,3,0,0,0,0,0,0,0,0,0,0,0,0,0,0,0,0,0,1
368,Gorebyss,3,0,0,0,0,0,0,0,0,0,0,0,0,0,0,0,0,0,1
369,Relicanth,3,0,0,0,0,0,0,0,0,0,0,0,0,0,0,0,1,0,1
370,Luvdisc,3,0,0,0,0,0,0,0,0,0,0,0,0,0,0,0,0,0,1
371,Bagon,3,0,0,1,0,0,0,0,0,0,0,0,0,0,0,0,0,0,0
372,Shelgon,3,0,0,1,0,0,0,0,0,0,0,0,0,0,0,0,0,0,0
373,Salamence,3,0,0,1,0,0,0,0,1,0,0,0,0,0,0,0,0,0,0
374,Beldum,3,0,0,0,0,0,0,0,0,0,0,0,0,0,0,1,0,1,0
375,Metang,3,0,0,0,0,0,0,0,0,0,0,0,0,0,0,1,0,1,0
376,Metagross,3,0,0,0,0,0,0,0,0,0,0,0,0,0,0,1,0,1,0
377,Regirock,3,0,0,0,0,0,0,0,0,0,0,0,0,0,0,0,1,0,0
378,Regice,3,0,0,0,0,0,0,0,0,0,0,0,1,0,0,0,0,0,0
379,Registeel,3,0,0,0,0,0,0,0,0,0,0,0,0,0,0,0,0,1,0
380,Latias,3,0,0,1,0,0,0,0,0,0,0,0,0,0,0,1,0,0,0
381,Latios,3,0,0,1,0,0,0,0,0,0,0,0,0,0,0,1,0,0,0
382,Kyogre,3,0,0,0,0,0,0,0,0,0,0,0,0,0,0,0,0,0,1
383,Groudon,3,0,0,0,0,0,0,0,0,0,0,1,0,0,0,0,0,0,0
384,Rayquaza,3,0,0,1,0,0,0,0,1,0,0,0,0,0,0,0,0,0,0
385,Jirachi,3,0,0,0,0,0,0,0,0,0,0,0,0,0,0,1,0,1,0
386,Deoxys,3,0,0,0,0,0,0,0,0,0,0,0,0,0,0,1,0,0,0
387,Turtwig,4,0,0,0,0,0,0,0,0,0,1,0,0,0,0,0,0,0,0
388,Grotle,4,0,0,0,0,0,0,0,0,0,1,0,0,0,0,0,0,0,0
389,Torterra,4,0,0,0,0,0,0,0,0,0,1,1,0,0,0,0,0,0,0
390,Chimchar,4,0,0,0,0,0,0,1,0,0,0,0,0,0,0,0,0,0,0
391,Monferno,4,0,0,0,0,0,1,1,0,0,0,0,0,0,0,0,0,0,0
392,Infernape,4,0,0,0,0,0,1,1,0,0,0,0,0,0,0,0,0,0,0
393,Piplup,4,0,0,0,0,0,0,0,0,0,0,0,0,0,0,0,0,0,1
394,Prinplup,4,0,0,0,0,0,0,0,0,0,0,0,0,0,0,0,0,0,1
395,Empoleon,4,0,0,0,0,0,0,0,0,0,0,0,0,0,0,0,0,1,1
396,Starly,4,0,0,0,0,0,0,0,1,0,0,0,0,1,0,0,0,0,0
397,Staravia,4,0,0,0,0,0,0,0,1,0,0,0,0,1,0,0,0,0,0
398,Staraptor,4,0,0,0,0,0,0,0,1,0,0,0,0,1,0,0,0,0,0
399,Bidoof,4,0,0,0,0,0,0,0,0,0,0,0,0,1,0,0,0,0,0
400,Bibarel,4,0,0,0,0,0,0,0,0,0,0,0,0,1,0,0,0,0,1
401,Kricketot,4,1,0,0,0,0,0,0,0,0,0,0,0,0,0,0,0,0,0
402,Kricketune,4,1,0,0,0,0,0,0,0,0,0,0,0,0,0,0,0,0,0
403,Shinx,4,0,0,0,1,0,0,0,0,0,0,0,0,0,0,0,0,0,0
404,Luxio,4,0,0,0,1,0,0,0,0,0,0,0,0,0,0,0,0,0,0
405,Luxray,4,0,0,0,1,0,0,0,0,0,0,0,0,0,0,0,0,0,0
406,Budew,4,0,0,0,0,0,0,0,0,0,1,0,0,0,1,0,0,0,0
407,Roserade,4,0,0,0,0,0,0,0,0,0,1,0,0,0,1,0,0,0,0
408,Cranidos,4,0,0,0,0,0,0,0,0,0,0,0,0,0,0,0,1,0,0
409,Rampardos,4,0,0,0,0,0,0,0,0,0,0,0,0,0,0,0,1,0,0
410,Shieldon,4,0,0,0,0,0,0,0,0,0,0,0,0,0,0,0,1,1,0
411,Bastiodon,4,0,0,0,0,0,0,0,0,0,0,0,0,0,0,0,1,1,0
412,Burmy,4,1,0,0,0,0,0,0,0,0,0,0,0,0,0,0,0,0,0
413,Wormadam,4,1,0,0,0,0,0,0,0,0,1,0,0,0,0,0,0,0,0
414,Mothim,4,1,0,0,0,0,0,0,1,0,0,0,0,0,0,0,0,0,0
415,Combee,4,1,0,0,0,0,0,0,1,0,0,0,0,0,0,0,0,0,0
416,Vespiquen,4,1,0,0,0,0,0,0,1,0,0,0,0,0,0,0,0,0,0
417,Pachirisu,4,0,0,0,1,0,0,0,0,0,0,0,0,0,0,0,0,0,0
418,Buizel,4,0,0,0,0,0,0,0,0,0,0,0,0,0,0,0,0,0,1
419,Floatzel,4,0,0,0,0,0,0,0,0,0,0,0,0,0,0,0,0,0,1
420,Cherubi,4,0,0,0,0,0,0,0,0,0,1,0,0,0,0,0,0,0,0
421,Cherrim,4,0,0,0,0,0,0,0,0,0,1,0,0,0,0,0,0,0,0
422,Shellos,4,0,0,0,0,0,0,0,0,0,0,0,0,0,0,0,0,0,1
423,Gastrodon,4,0,0,0,0,0,0,0,0,0,0,1,0,0,0,0,0,0,1
424,Ambipom,4,0,0,0,0,0,0,0,0,0,0,0,0,1,0,0,0,0,0
425,Drifloon,4,0,0,0,0,0,0,0,1,1,0,0,0,0,0,0,0,0,0
426,Drifblim,4,0,0,0,0,0,0,0,1,1,0,0,0,0,0,0,0,0,0
427,Buneary,4,0,0,0,0,0,0,0,0,0,0,0,0,1,0,0,0,0,0
428,Lopunny,4,0,0,0,0,0,0,0,0,0,0,0,0,1,0,0,0,0,0
429,Mismagius,4,0,0,0,0,0,0,0,0,1,0,0,0,0,0,0,0,0,0
430,Honchkrow,4,0,1,0,0,0,0,0,1,0,0,0,0,0,0,0,0,0,0
431,Glameow,4,0,0,0,0,0,0,0,0,0,0,0,0,1,0,0,0,0,0
432,Purugly,4,0,0,0,0,0,0,0,0,0,0,0,0,1,0,0,0,0,0
433,Chingling,4,0,0,0,0,0,0,0,0,0,0,0,0,0,0,1,0,0,0
434,Stunky,4,0,1,0,0,0,0,0,0,0,0,0,0,0,1,0,0,0,0
435,Skuntank,4,0,1,0,0,0,0,0,0,0,0,0,0,0,1,0,0,0,0
436,Bronzor,4,0,0,0,0,0,0,0,0,0,0,0,0,0,0,1,0,1,0
437,Bronzong,4,0,0,0,0,0,0,0,0,0,0,0,0,0,0,1,0,1,0
438,Bonsly,4,0,0,0,0,0,0,0,0,0,0,0,0,0,0,0,1,0,0
439,Mime-Jr,4,0,0,0,0,1,0,0,0,0,0,0,0,0,0,1,0,0,0
440,Happiny,4,0,0,0,0,0,0,0,0,0,0,0,0,1,0,0,0,0,0
441,Chatot,4,0,0,0,0,0,0,0,1,0,0,0,0,1,0,0,0,0,0
442,Spiritomb,4,0,1,0,0,0,0,0,0,1,0,0,0,0,0,0,0,0,0
443,Gible,4,0,0,1,0,0,0,0,0,0,0,1,0,0,0,0,0,0,0
444,Gabite,4,0,0,1,0,0,0,0,0,0,0,1,0,0,0,0,0,0,0
445,Garchomp,4,0,0,1,0,0,0,0,0,0,0,1,0,0,0,0,0,0,0
446,Munchlax,4,0,0,0,0,0,0,0,0,0,0,0,0,1,0,0,0,0,0
447,Riolu,4,0,0,0,0,0,1,0,0,0,0,0,0,0,0,0,0,0,0
448,Lucario,4,0,0,0,0,0,1,0,0,0,0,0,0,0,0,0,0,1,0
449,Hippopotas,4,0,0,0,0,0,0,0,0,0,0,1,0,0,0,0,0,0,0
450,Hippowdon,4,0,0,0,0,0,0,0,0,0,0,1,0,0,0,0,0,0,0
451,Skorupi,4,1,0,0,0,0,0,0,0,0,0,0,0,0,1,0,0,0,0
452,Drapion,4,0,1,0,0,0,0,0,0,0,0,0,0,0,1,0,0,0,0
453,Croagunk,4,0,0,0,0,0,1,0,0,0,0,0,0,0,1,0,0,0,0
454,Toxicroak,4,0,0,0,0,0,1,0,0,0,0,0,0,0,1,0,0,0,0
455,Carnivine,4,0,0,0,0,0,0,0,0,0,1,0,0,0,0,0,0,0,0
456,Finneon,4,0,0,0,0,0,0,0,0,0,0,0,0,0,0,0,0,0,1
457,Lumineon,4,0,0,0,0,0,0,0,0,0,0,0,0,0,0,0,0,0,1
458,Mantyke,4,0,0,0,0,0,0,0,1,0,0,0,0,0,0,0,0,0,1
459,Snover,4,0,0,0,0,0,0,0,0,0,1,0,1,0,0,0,0,0,0
460,Abomasnow,4,0,0,0,0,0,0,0,0,0,1,0,1,0,0,0,0,0,0
461,Weavile,4,0,1,0,0,0,0,0,0,0,0,0,1,0,0,0,0,0,0
462,Magnezone,4,0,0,0,1,0,0,0,0,0,0,0,0,0,0,0,0,1,0
463,Lickilicky,4,0,0,0,0,0,0,0,0,0,0,0,0,1,0,0,0,0,0
464,Rhyperior,4,0,0,0,0,0,0,0,0,0,0,1,0,0,0,0,1,0,0
465,Tangrowth,4,0,0,0,0,0,0,0,0,0,1,0,0,0,0,0,0,0,0
466,Electivire,4,0,0,0,1,0,0,0,0,0,0,0,0,0,0,0,0,0,0
467,Magmortar,4,0,0,0,0,0,0,1,0,0,0,0,0,0,0,0,0,0,0
468,Togekiss,4,0,0,0,0,1,0,0,1,0,0,0,0,0,0,0,0,0,0
469,Yanmega,4,1,0,0,0,0,0,0,1,0,0,0,0,0,0,0,0,0,0
470,Leafeon,4,0,0,0,0,0,0,0,0,0,1,0,0,0,0,0,0,0,0
471,Glaceon,4,0,0,0,0,0,0,0,0,0,0,0,1,0,0,0,0,0,0
472,Gliscor,4,0,0,0,0,0,0,0,1,0,0,1,0,0,0,0,0,0,0
473,Mamoswine,4,0,0,0,0,0,0,0,0,0,0,1,1,0,0,0,0,0,0
474,Porygon-Z,4,0,0,0,0,0,0,0,0,0,0,0,0,1,0,0,0,0,0
475,Gallade,4,0,0,0,0,0,1,0,0,0,0,0,0,0,0,1,0,0,0
476,Probopass,4,0,0,0,0,0,0,0,0,0,0,0,0,0,0,0,1,1,0
477,Dusknoir,4,0,0,0,0,0,0,0,0,1,0,0,0,0,0,0,0,0,0
478,Froslass,4,0,0,0,0,0,0,0,0,1,0,0,1,0,0,0,0,0,0
479,Rotom,4,0,0,0,1,0,0,0,0,1,0,0,0,0,0,0,0,0,0
480,Uxie,4,0,0,0,0,0,0,0,0,0,0,0,0,0,0,1,0,0,0
481,Mesprit,4,0,0,0,0,0,0,0,0,0,0,0,0,0,0,1,0,0,0
482,Azelf,4,0,0,0,0,0,0,0,0,0,0,0,0,0,0,1,0,0,0
483,Dialga,4,0,0,1,0,0,0,0,0,0,0,0,0,0,0,0,0,1,0
484,Palkia,4,0,0,1,0,0,0,0,0,0,0,0,0,0,0,0,0,0,1
485,Heatran,4,0,0,0,0,0,0,1,0,0,0,0,0,0,0,0,0,1,0
486,Regigigas,4,0,0,0,0,0,0,0,0,0,0,0,0,1,0,0,0,0,0
487,Giratina,4,0,0,1,0,0,0,0,0,1,0,0,0,0,0,0,0,0,0
488,Cresselia,4,0,0,0,0,0,0,0,0,0,0,0,0,0,0,1,0,0,0
489,Phione,4,0,0,0,0,0,0,0,0,0,0,0,0,0,0,0,0,0,1
490,Manaphy,4,0,0,0,0,0,0,0,0,0,0,0,0,0,0,0,0,0,1
491,Darkrai,4,0,1,0,0,0,0,0,0,0,0,0,0,0,0,0,0,0,0
492,Shaymin,4,0,0,0,0,0,0,0,0,0,1,0,0,0,0,0,0,0,0
493,Arceus,4,0,0,0,0,0,0,0,0,0,0,0,0,1,0,0,0,0,0
494,Victini,5,0,0,0,0,0,0,1,0,0,0,0,0,0,0,1,0,0,0
495,Snivy,5,0,0,0,0,0,0,0,0,0,1,0,0,0,0,0,0,0,0
496,Servine,5,0,0,0,0,0,0,0,0,0,1,0,0,0,0,0,0,0,0
497,Serperior,5,0,0,0,0,0,0,0,0,0,1,0,0,0,0,0,0,0,0
498,Tepig,5,0,0,0,0,0,0,1,0,0,0,0,0,0,0,0,0,0,0
499,Pignite,5,0,0,0,0,0,1,1,0,0,0,0,0,0,0,0,0,0,0
500,Emboar,5,0,0,0,0,0,1,1,0,0,0,0,0,0,0,0,0,0,0
501,Oshawott,5,0,0,0,0,0,0,0,0,0,0,0,0,0,0,0,0,0,1
502,Dewott,5,0,0,0,0,0,0,0,0,0,0,0,0,0,0,0,0,0,1
503,Samurott,5,0,0,0,0,0,0,0,0,0,0,0,0,0,0,0,0,0,1
504,Patrat,5,0,0,0,0,0,0,0,0,0,0,0,0,1,0,0,0,0,0
505,Watchog,5,0,0,0,0,0,0,0,0,0,0,0,0,1,0,0,0,0,0
506,Lillipup,5,0,0,0,0,0,0,0,0,0,0,0,0,1,0,0,0,0,0
507,Herdier,5,0,0,0,0,0,0,0,0,0,0,0,0,1,0,0,0,0,0
508,Stoutland,5,0,0,0,0,0,0,0,0,0,0,0,0,1,0,0,0,0,0
509,Purrloin,5,0,1,0,0,0,0,0,0,0,0,0,0,0,0,0,0,0,0
510,Liepard,5,0,1,0,0,0,0,0,0,0,0,0,0,0,0,0,0,0,0
511,Pansage,5,0,0,0,0,0,0,0,0,0,1,0,0,0,0,0,0,0,0
512,Simisage,5,0,0,0,0,0,0,0,0,0,1,0,0,0,0,0,0,0,0
513,Pansear,5,0,0,0,0,0,0,1,0,0,0,0,0,0,0,0,0,0,0
514,Simisear,5,0,0,0,0,0,0,1,0,0,0,0,0,0,0,0,0,0,0
515,Panpour,5,0,0,0,0,0,0,0,0,0,0,0,0,0,0,0,0,0,1
516,Simipour,5,0,0,0,0,0,0,0,0,0,0,0,0,0,0,0,0,0,1
517,Munna,5,0,0,0,0,0,0,0,0,0,0,0,0,0,0,1,0,0,0
518,Musharna,5,0,0,0,0,0,0,0,0,0,0,0,0,0,0,1,0,0,0
519,Pidove,5,0,0,0,0,0,0,0,1,0,0,0,0,1,0,0,0,0,0
520,Tranquill,5,0,0,0,0,0,0,0,1,0,0,0,0,1,0,0,0,0,0
521,Unfezant,5,0,0,0,0,0,0,0,1,0,0,0,0,1,0,0,0,0,0
522,Blitzle,5,0,0,0,1,0,0,0,0,0,0,0,0,0,0,0,0,0,0
523,Zebstrika,5,0,0,0,1,0,0,0,0,0,0,0,0,0,0,0,0,0,0
524,Roggenrola,5,0,0,0,0,0,0,0,0,0,0,0,0,0,0,0,1,0,0
525,Boldore,5,0,0,0,0,0,0,0,0,0,0,0,0,0,0,0,1,0,0
526,Gigalith,5,0,0,0,0,0,0,0,0,0,0,0,0,0,0,0,1,0,0
527,Woobat,5,0,0,0,0,0,0,0,1,0,0,0,0,0,0,1,0,0,0
528,Swoobat,5,0,0,0,0,0,0,0,1,0,0,0,0,0,0,1,0,0,0
529,Drilbur,5,0,0,0,0,0,0,0,0,0,0,1,0,0,0,0,0,0,0
530,Excadrill,5,0,0,0,0,0,0,0,0,0,0,1,0,0,0,0,0,1,0
531,Audino,5,0,0,0,0,0,0,0,0,0,0,0,0,1,0,0,0,0,0
532,Timburr,5,0,0,0,0,0,1,0,0,0,0,0,0,0,0,0,0,0,0
533,Gurdurr,5,0,0,0,0,0,1,0,0,0,0,0,0,0,0,0,0,0,0
534,Conkeldurr,5,0,0,0,0,0,1,0,0,0,0,0,0,0,0,0,0,0,0
535,Tympole,5,0,0,0,0,0,0,0,0,0,0,0,0,0,0,0,0,0,1
536,Palpitoad,5,0,0,0,0,0,0,0,0,0,0,1,0,0,0,0,0,0,1
537,Seismitoad,5,0,0,0,0,0,0,0,0,0,0,1,0,0,0,0,0,0,1
538,Throh,5,0,0,0,0,0,1,0,0,0,0,0,0,0,0,0,0,0,0
539,Sawk,5,0,0,0,0,0,1,0,0,0,0,0,0,0,0,0,0,0,0
540,Sewaddle,5,1,0,0,0,0,0,0,0,0,1,0,0,0,0,0,0,0,0
541,Swadloon,5,1,0,0,0,0,0,0,0,0,1,0,0,0,0,0,0,0,0
542,Leavanny,5,1,0,0,0,0,0,0,0,0,1,0,0,0,0,0,0,0,0
543,Venipede,5,1,0,0,0,0,0,0,0,0,0,0,0,0,1,0,0,0,0
544,Whirlipede,5,1,0,0,0,0,0,0,0,0,0,0,0,0,1,0,0,0,0
545,Scolipede,5,1,0,0,0,0,0,0,0,0,0,0,0,0,1,0,0,0,0
546,Cottonee,5,0,0,0,0,1,0,0,0,0,1,0,0,0,0,0,0,0,0
547,Whimsicott,5,0,0,0,0,1,0,0,0,0,1,0,0,0,0,0,0,0,0
548,Petilil,5,0,0,0,0,0,0,0,0,0,1,0,0,0,0,0,0,0,0
549,Lilligant,5,0,0,0,0,0,0,0,0,0,1,0,0,0,0,0,0,0,0
550,Basculin,5,0,0,0,0,0,0,0,0,0,0,0,0,0,0,0,0,0,1
551,Sandile,5,0,1,0,0,0,0,0,0,0,0,1,0,0,0,0,0,0,0
552,Krokorok,5,0,1,0,0,0,0,0,0,0,0,1,0,0,0,0,0,0,0
553,Krookodile,5,0,1,0,0,0,0,0,0,0,0,1,0,0,0,0,0,0,0
554,Darumaka,5,0,0,0,0,0,0,1,0,0,0,0,0,0,0,0,0,0,0
555,Darmanitan,5,0,0,0,0,0,0,1,0,0,0,0,0,0,0,0,0,0,0
556,Maractus,5,0,0,0,0,0,0,0,0,0,1,0,0,0,0,0,0,0,0
557,Dwebble,5,1,0,0,0,0,0,0,0,0,0,0,0,0,0,0,1,0,0
558,Crustle,5,1,0,0,0,0,0,0,0,0,0,0,0,0,0,0,1,0,0
559,Scraggy,5,0,1,0,0,0,1,0,0,0,0,0,0,0,0,0,0,0,0
560,Scrafty,5,0,1,0,0,0,1,0,0,0,0,0,0,0,0,0,0,0,0
561,Sigilyph,5,0,0,0,0,0,0,0,1,0,0,0,0,0,0,1,0,0,0
562,Yamask,5,0,0,0,0,0,0,0,0,1,0,0,0,0,0,0,0,0,0
563,Cofagrigus,5,0,0,0,0,0,0,0,0,1,0,0,0,0,0,0,0,0,0
564,Tirtouga,5,0,0,0,0,0,0,0,0,0,0,0,0,0,0,0,1,0,1
565,Carracosta,5,0,0,0,0,0,0,0,0,0,0,0,0,0,0,0,1,0,1
566,Archen,5,0,0,0,0,0,0,0,1,0,0,0,0,0,0,0,1,0,0
567,Archeops,5,0,0,0,0,0,0,0,1,0,0,0,0,0,0,0,1,0,0
568,Trubbish,5,0,0,0,0,0,0,0,0,0,0,0,0,0,1,0,0,0,0
569,Garbodor,5,0,0,0,0,0,0,0,0,0,0,0,0,0,1,0,0,0,0
570,Zorua,5,0,1,0,0,0,0,0,0,0,0,0,0,0,0,0,0,0,0
571,Zoroark,5,0,1,0,0,0,0,0,0,0,0,0,0,0,0,0,0,0,0
572,Minccino,5,0,0,0,0,0,0,0,0,0,0,0,0,1,0,0,0,0,0
573,Cinccino,5,0,0,0,0,0,0,0,0,0,0,0,0,1,0,0,0,0,0
574,Gothita,5,0,0,0,0,0,0,0,0,0,0,0,0,0,0,1,0,0,0
575,Gothorita,5,0,0,0,0,0,0,0,0,0,0,0,0,0,0,1,0,0,0
576,Gothitelle,5,0,0,0,0,0,0,0,0,0,0,0,0,0,0,1,0,0,0
577,Solosis,5,0,0,0,0,0,0,0,0,0,0,0,0,0,0,1,0,0,0
578,Duosion,5,0,0,0,0,0,0,0,0,0,0,0,0,0,0,1,0,0,0
579,Reuniclus,5,0,0,0,0,0,0,0,0,0,0,0,0,0,0,1,0,0,0
580,Ducklett,5,0,0,0,0,0,0,0,1,0,0,0,0,0,0,0,0,0,1
581,Swanna,5,0,0,0,0,0,0,0,1,0,0,0,0,0,0,0,0,0,1
582,Vanillite,5,0,0,0,0,0,0,0,0,0,0,0,1,0,0,0,0,0,0
583,Vanillish,5,0,0,0,0,0,0,0,0,0,0,0,1,0,0,0,0,0,0
584,Vanilluxe,5,0,0,0,0,0,0,0,0,0,0,0,1,0,0,0,0,0,0
585,Deerling,5,0,0,0,0,0,0,0,0,0,1,0,0,1,0,0,0,0,0
586,Sawsbuck,5,0,0,0,0,0,0,0,0,0,1,0,0,1,0,0,0,0,0
587,Emolga,5,0,0,0,1,0,0,0,1,0,0,0,0,0,0,0,0,0,0
588,Karrablast,5,1,0,0,0,0,0,0,0,0,0,0,0,0,0,0,0,0,0
589,Escavalier,5,1,0,0,0,0,0,0,0,0,0,0,0,0,0,0,0,1,0
590,Foongus,5,0,0,0,0,0,0,0,0,0,1,0,0,0,1,0,0,0,0
591,Amoonguss,5,0,0,0,0,0,0,0,0,0,1,0,0,0,1,0,0,0,0
592,Frillish,5,0,0,0,0,0,0,0,0,1,0,0,0,0,0,0,0,0,1
593,Jellicent,5,0,0,0,0,0,0,0,0,1,0,0,0,0,0,0,0,0,1
594,Alomomola,5,0,0,0,0,0,0,0,0,0,0,0,0,0,0,0,0,0,1
595,Joltik,5,1,0,0,1,0,0,0,0,0,0,0,0,0,0,0,0,0,0
596,Galvantula,5,1,0,0,1,0,0,0,0,0,0,0,0,0,0,0,0,0,0
597,Ferroseed,5,0,0,0,0,0,0,0,0,0,1,0,0,0,0,0,0,1,0
598,Ferrothorn,5,0,0,0,0,0,0,0,0,0,1,0,0,0,0,0,0,1,0
599,Klink,5,0,0,0,0,0,0,0,0,0,0,0,0,0,0,0,0,1,0
600,Klang,5,0,0,0,0,0,0,0,0,0,0,0,0,0,0,0,0,1,0
601,Klinklang,5,0,0,0,0,0,0,0,0,0,0,0,0,0,0,0,0,1,0
602,Tynamo,5,0,0,0,1,0,0,0,0,0,0,0,0,0,0,0,0,0,0
603,Eelektrik,5,0,0,0,1,0,0,0,0,0,0,0,0,0,0,0,0,0,0
604,Eelektross,5,0,0,0,1,0,0,0,0,0,0,0,0,0,0,0,0,0,0
605,Elgyem,5,0,0,0,0,0,0,0,0,0,0,0,0,0,0,1,0,0,0
606,Beheeyem,5,0,0,0,0,0,0,0,0,0,0,0,0,0,0,1,0,0,0
607,Litwick,5,0,0,0,0,0,0,1,0,1,0,0,0,0,0,0,0,0,0
608,Lampent,5,0,0,0,0,0,0,1,0,1,0,0,0,0,0,0,0,0,0
609,Chandelure,5,0,0,0,0,0,0,1,0,1,0,0,0,0,0,0,0,0,0
610,Axew,5,0,0,1,0,0,0,0,0,0,0,0,0,0,0,0,0,0,0
611,Fraxure,5,0,0,1,0,0,0,0,0,0,0,0,0,0,0,0,0,0,0
612,Haxorus,5,0,0,1,0,0,0,0,0,0,0,0,0,0,0,0,0,0,0
613,Cubchoo,5,0,0,0,0,0,0,0,0,0,0,0,1,0,0,0,0,0,0
614,Beartic,5,0,0,0,0,0,0,0,0,0,0,0,1,0,0,0,0,0,0
615,Cryogonal,5,0,0,0,0,0,0,0,0,0,0,0,1,0,0,0,0,0,0
616,Shelmet,5,1,0,0,0,0,0,0,0,0,0,0,0,0,0,0,0,0,0
617,Accelgor,5,1,0,0,0,0,0,0,0,0,0,0,0,0,0,0,0,0,0
618,Stunfisk,5,0,0,0,1,0,0,0,0,0,0,1,0,0,0,0,0,0,0
619,Mienfoo,5,0,0,0,0,0,1,0,0,0,0,0,0,0,0,0,0,0,0
620,Mienshao,5,0,0,0,0,0,1,0,0,0,0,0,0,0,0,0,0,0,0
621,Druddigon,5,0,0,1,0,0,0,0,0,0,0,0,0,0,0,0,0,0,0
622,Golett,5,0,0,0,0,0,0,0,0,1,0,1,0,0,0,0,0,0,0
623,Golurk,5,0,0,0,0,0,0,0,0,1,0,1,0,0,0,0,0,0,0
624,Pawniard,5,0,1,0,0,0,0,0,0,0,0,0,0,0,0,0,0,1,0
625,Bisharp,5,0,1,0,0,0,0,0,0,0,0,0,0,0,0,0,0,1,0
626,Bouffalant,5,0,0,0,0,0,0,0,0,0,0,0,0,1,0,0,0,0,0
627,Rufflet,5,0,0,0,0,0,0,0,1,0,0,0,0,1,0,0,0,0,0
628,Braviary,5,0,0,0,0,0,0,0,1,0,0,0,0,1,0,0,0,0,0
629,Vullaby,5,0,1,0,0,0,0,0,1,0,0,0,0,0,0,0,0,0,0
630,Mandibuzz,5,0,1,0,0,0,0,0,1,0,0,0,0,0,0,0,0,0,0
631,Heatmor,5,0,0,0,0,0,0,1,0,0,0,0,0,0,0,0,0,0,0
632,Durant,5,1,0,0,0,0,0,0,0,0,0,0,0,0,0,0,0,1,0
633,Deino,5,0,1,1,0,0,0,0,0,0,0,0,0,0,0,0,0,0,0
634,Zweilous,5,0,1,1,0,0,0,0,0,0,0,0,0,0,0,0,0,0,0
635,Hydreigon,5,0,1,1,0,0,0,0,0,0,0,0,0,0,0,0,0,0,0
636,Larvesta,5,1,0,0,0,0,0,1,0,0,0,0,0,0,0,0,0,0,0
637,Volcarona,5,1,0,0,0,0,0,1,0,0,0,0,0,0,0,0,0,0,0
638,Cobalion,5,0,0,0,0,0,1,0,0,0,0,0,0,0,0,0,0,1,0
639,Terrakion,5,0,0,0,0,0,1,0,0,0,0,0,0,0,0,0,1,0,0
640,Virizion,5,0,0,0,0,0,1,0,0,0,1,0,0,0,0,0,0,0,0
641,Tornadus,5,0,0,0,0,0,0,0,1,0,0,0,0,0,0,0,0,0,0
642,Thundurus,5,0,0,0,1,0,0,0,1,0,0,0,0,0,0,0,0,0,0
643,Reshiram,5,0,0,1,0,0,0,1,0,0,0,0,0,0,0,0,0,0,0
644,Zekrom,5,0,0,1,1,0,0,0,0,0,0,0,0,0,0,0,0,0,0
645,Landorus,5,0,0,0,0,0,0,0,1,0,0,1,0,0,0,0,0,0,0
646,Kyurem,5,0,0,1,0,0,0,0,0,0,0,0,1,0,0,0,0,0,0
647,Keldeo,5,0,0,0,0,0,1,0,0,0,0,0,0,0,0,0,0,0,1
648,Meloetta,5,0,0,0,0,0,0,0,0,0,0,0,0,1,0,1,0,0,0
649,Genesect,5,1,0,0,0,0,0,0,0,0,0,0,0,0,0,0,0,1,0
650,Chespin,6,0,0,0,0,0,0,0,0,0,1,0,0,0,0,0,0,0,0
651,Quilladin,6,0,0,0,0,0,0,0,0,0,1,0,0,0,0,0,0,0,0
652,Chesnaught,6,0,0,0,0,0,1,0,0,0,1,0,0,0,0,0,0,0,0
653,Fennekin,6,0,0,0,0,0,0,1,0,0,0,0,0,0,0,0,0,0,0
654,Braixen,6,0,0,0,0,0,0,1,0,0,0,0,0,0,0,0,0,0,0
655,Delphox,6,0,0,0,0,0,0,1,0,0,0,0,0,0,0,1,0,0,0
656,Froakie,6,0,0,0,0,0,0,0,0,0,0,0,0,0,0,0,0,0,1
657,Frogadier,6,0,0,0,0,0,0,0,0,0,0,0,0,0,0,0,0,0,1
658,Greninja,6,0,1,0,0,0,0,0,0,0,0,0,0,0,0,0,0,0,1
659,Bunnelby,6,0,0,0,0,0,0,0,0,0,0,0,0,1,0,0,0,0,0
660,Diggersby,6,0,0,0,0,0,0,0,0,0,0,1,0,1,0,0,0,0,0
661,Fletchling,6,0,0,0,0,0,0,0,1,0,0,0,0,1,0,0,0,0,0
662,Fletchinder,6,0,0,0,0,0,0,1,1,0,0,0,0,0,0,0,0,0,0
663,Talonflame,6,0,0,0,0,0,0,1,1,0,0,0,0,0,0,0,0,0,0
664,Scatterbug,6,1,0,0,0,0,0,0,0,0,0,0,0,0,0,0,0,0,0
665,Spewpa,6,1,0,0,0,0,0,0,0,0,0,0,0,0,0,0,0,0,0
666,Vivillon,6,1,0,0,0,0,0,0,1,0,0,0,0,0,0,0,0,0,0
667,Litleo,6,0,0,0,0,0,0,1,0,0,0,0,0,1,0,0,0,0,0
668,Pyroar,6,0,0,0,0,0,0,1,0,0,0,0,0,1,0,0,0,0,0
669,Flabebe,6,0,0,0,0,1,0,0,0,0,0,0,0,0,0,0,0,0,0
670,Floette,6,0,0,0,0,1,0,0,0,0,0,0,0,0,0,0,0,0,0
671,Florges,6,0,0,0,0,1,0,0,0,0,0,0,0,0,0,0,0,0,0
672,Skiddo,6,0,0,0,0,0,0,0,0,0,1,0,0,0,0,0,0,0,0
673,Gogoat,6,0,0,0,0,0,0,0,0,0,1,0,0,0,0,0,0,0,0
674,Pancham,6,0,0,0,0,0,1,0,0,0,0,0,0,0,0,0,0,0,0
675,Pangoro,6,0,1,0,0,0,1,0,0,0,0,0,0,0,0,0,0,0,0
676,Furfrou,6,0,0,0,0,0,0,0,0,0,0,0,0,1,0,0,0,0,0
677,Espurr,6,0,0,0,0,0,0,0,0,0,0,0,0,0,0,1,0,0,0
678,Meowstic,6,0,0,0,0,0,0,0,0,0,0,0,0,0,0,1,0,0,0
679,Honedge,6,0,0,0,0,0,0,0,0,1,0,0,0,0,0,0,0,1,0
680,Doublade,6,0,0,0,0,0,0,0,0,1,0,0,0,0,0,0,0,1,0
681,Aegislash,6,0,0,0,0,0,0,0,0,1,0,0,0,0,0,0,0,1,0
682,Spritzee,6,0,0,0,0,1,0,0,0,0,0,0,0,0,0,0,0,0,0
683,Aromatisse,6,0,0,0,0,1,0,0,0,0,0,0,0,0,0,0,0,0,0
684,Swirlix,6,0,0,0,0,1,0,0,0,0,0,0,0,0,0,0,0,0,0
685,Slurpuff,6,0,0,0,0,1,0,0,0,0,0,0,0,0,0,0,0,0,0
686,Inkay,6,0,1,0,0,0,0,0,0,0,0,0,0,0,0,1,0,0,0
687,Malamar,6,0,1,0,0,0,0,0,0,0,0,0,0,0,0,1,0,0,0
688,Binacle,6,0,0,0,0,0,0,0,0,0,0,0,0,0,0,0,1,0,1
689,Barbaracle,6,0,0,0,0,0,0,0,0,0,0,0,0,0,0,0,1,0,1
690,Skrelp,6,0,0,0,0,0,0,0,0,0,0,0,0,0,1,0,0,0,1
691,Dragalge,6,0,0,1,0,0,0,0,0,0,0,0,0,0,1,0,0,0,0
692,Clauncher,6,0,0,0,0,0,0,0,0,0,0,0,0,0,0,0,0,0,1
693,Clawitzer,6,0,0,0,0,0,0,0,0,0,0,0,0,0,0,0,0,0,1
694,Helioptile,6,0,0,0,1,0,0,0,0,0,0,0,0,1,0,0,0,0,0
695,Heliolisk,6,0,0,0,1,0,0,0,0,0,0,0,0,1,0,0,0,0,0
696,Tyrunt,6,0,0,1,0,0,0,0,0,0,0,0,0,0,0,0,1,0,0
697,Tyrantrum,6,0,0,1,0,0,0,0,0,0,0,0,0,0,0,0,1,0,0
698,Amaura,6,0,0,0,0,0,0,0,0,0,0,0,1,0,0,0,1,0,0
699,Aurorus,6,0,0,0,0,0,0,0,0,0,0,0,1,0,0,0,1,0,0
700,Sylveon,6,0,0,0,0,1,0,0,0,0,0,0,0,0,0,0,0,0,0
701,Hawlucha,6,0,0,0,0,0,1,0,1,0,0,0,0,0,0,0,0,0,0
702,Dedenne,6,0,0,0,1,1,0,0,0,0,0,0,0,0,0,0,0,0,0
703,Carbink,6,0,0,0,0,1,0,0,0,0,0,0,0,0,0,0,1,0,0
704,Goomy,6,0,0,1,0,0,0,0,0,0,0,0,0,0,0,0,0,0,0
705,Sliggoo,6,0,0,1,0,0,0,0,0,0,0,0,0,0,0,0,0,0,0
706,Goodra,6,0,0,1,0,0,0,0,0,0,0,0,0,0,0,0,0,0,0
707,Klefki,6,0,0,0,0,1,0,0,0,0,0,0,0,0,0,0,0,1,0
708,Phantump,6,0,0,0,0,0,0,0,0,1,1,0,0,0,0,0,0,0,0
709,Trevenant,6,0,0,0,0,0,0,0,0,1,1,0,0,0,0,0,0,0,0
710,Pumpkaboo,6,0,0,0,0,0,0,0,0,1,1,0,0,0,0,0,0,0,0
711,Gourgeist,6,0,0,0,0,0,0,0,0,1,1,0,0,0,0,0,0,0,0
712,Bergmite,6,0,0,0,0,0,0,0,0,0,0,0,1,0,0,0,0,0,0
713,Avalugg,6,0,0,0,0,0,0,0,0,0,0,0,1,0,0,0,0,0,0
714,Noibat,6,0,0,1,0,0,0,0,1,0,0,0,0,0,0,0,0,0,0
715,Noivern,6,0,0,1,0,0,0,0,1,0,0,0,0,0,0,0,0,0,0
716,Xerneas,6,0,0,0,0,1,0,0,0,0,0,0,0,0,0,0,0,0,0
717,Yveltal,6,0,1,0,0,0,0,0,1,0,0,0,0,0,0,0,0,0,0
718,Zygarde,6,0,0,1,0,0,0,0,0,0,0,1,0,0,0,0,0,0,0
719,Diancie,6,0,0,0,0,1,0,0,0,0,0,0,0,0,0,0,1,0,0
720,Hoopa,6,0,0,0,0,0,0,0,0,1,0,0,0,0,0,1,0,0,0
721,Volcanion,6,0,0,0,0,0,0,1,0,0,0,0,0,0,0,0,0,0,1
722,Rowlet,7,0,0,0,0,0,0,0,1,0,1,0,0,0,0,0,0,0,0
723,Dartrix,7,0,0,0,0,0,0,0,1,0,1,0,0,0,0,0,0,0,0
724,Decidueye,7,0,0,0,0,0,0,0,0,1,1,0,0,0,0,0,0,0,0
725,Litten,7,0,0,0,0,0,0,1,0,0,0,0,0,0,0,0,0,0,0
726,Torracat,7,0,0,0,0,0,0,1,0,0,0,0,0,0,0,0,0,0,0
727,Incineroar,7,0,1,0,0,0,0,1,0,0,0,0,0,0,0,0,0,0,0
728,Popplio,7,0,0,0,0,0,0,0,0,0,0,0,0,0,0,0,0,0,1
729,Brionne,7,0,0,0,0,0,0,0,0,0,0,0,0,0,0,0,0,0,1
730,Primarina,7,0,0,0,0,1,0,0,0,0,0,0,0,0,0,0,0,0,1
731,Pikipek,7,0,0,0,0,0,0,0,1,0,0,0,0,1,0,0,0,0,0
732,Trumbeak,7,0,0,0,0,0,0,0,1,0,0,0,0,1,0,0,0,0,0
733,Toucannon,7,0,0,0,0,0,0,0,1,0,0,0,0,1,0,0,0,0,0
734,Yungoos,7,0,0,0,0,0,0,0,0,0,0,0,0,1,0,0,0,0,0
735,Gumshoos,7,0,0,0,0,0,0,0,0,0,0,0,0,1,0,0,0,0,0
736,Grubbin,7,1,0,0,0,0,0,0,0,0,0,0,0,0,0,0,0,0,0
737,Charjabug,7,1,0,0,1,0,0,0,0,0,0,0,0,0,0,0,0,0,0
738,Vikavolt,7,1,0,0,1,0,0,0,0,0,0,0,0,0,0,0,0,0,0
739,Crabrawler,7,0,0,0,0,0,1,0,0,0,0,0,0,0,0,0,0,0,0
740,Crabominable,7,0,0,0,0,0,1,0,0,0,0,0,1,0,0,0,0,0,0
741,Oricorio,7,0,0,0,0,0,0,1,1,0,0,0,0,0,0,0,0,0,0
742,Cutiefly,7,1,0,0,0,1,0,0,0,0,0,0,0,0,0,0,0,0,0
743,Ribombee,7,1,0,0,0,1,0,0,0,0,0,0,0,0,0,0,0,0,0
744,Rockruff,7,0,0,0,0,0,0,0,0,0,0,0,0,0,0,0,1,0,0
745,Lycanroc,7,0,0,0,0,0,0,0,0,0,0,0,0,0,0,0,1,0,0
746,Wishiwashi,7,0,0,0,0,0,0,0,0,0,0,0,0,0,0,0,0,0,1
747,Mareanie,7,0,0,0,0,0,0,0,0,0,0,0,0,0,1,0,0,0,1
748,Toxapex,7,0,0,0,0,0,0,0,0,0,0,0,0,0,1,0,0,0,1
749,Mudbray,7,0,0,0,0,0,0,0,0,0,0,1,0,0,0,0,0,0,0
750,Mudsdale,7,0,0,0,0,0,0,0,0,0,0,1,0,0,0,0,0,0,0
751,Dewpider,7,1,0,0,0,0,0,0,0,0,0,0,0,0,0,0,0,0,1
752,Araquanid,7,1,0,0,0,0,0,0,0,0,0,0,0,0,0,0,0,0,1
753,Fomantis,7,0,0,0,0,0,0,0,0,0,1,0,0,0,0,0,0,0,0
754,Lurantis,7,0,0,0,0,0,0,0,0,0,1,0,0,0,0,0,0,0,0
755,Morelull,7,0,0,0,0,1,0,0,0,0,1,0,0,0,0,0,0,0,0
756,Shiinotic,7,0,0,0,0,1,0,0,0,0,1,0,0,0,0,0,0,0,0
757,Salandit,7,0,0,0,0,0,0,1,0,0,0,0,0,0,1,0,0,0,0
758,Salazzle,7,0,0,0,0,0,0,1,0,0,0,0,0,0,1,0,0,0,0
759,Stufful,7,0,0,0,0,0,1,0,0,0,0,0,0,1,0,0,0,0,0
760,Bewear,7,0,0,0,0,0,1,0,0,0,0,0,0,1,0,0,0,0,0
761,Bounsweet,7,0,0,0,0,0,0,0,0,0,1,0,0,0,0,0,0,0,0
762,Steenee,7,0,0,0,0,0,0,0,0,0,1,0,0,0,0,0,0,0,0
763,Tsareena,7,0,0,0,0,0,0,0,0,0,1,0,0,0,0,0,0,0,0
764,Comfey,7,0,0,0,0,1,0,0,0,0,0,0,0,0,0,0,0,0,0
765,Oranguru,7,0,0,0,0,0,0,0,0,0,0,0,0,1,0,1,0,0,0
766,Passimian,7,0,0,0,0,0,1,0,0,0,0,0,0,0,0,0,0,0,0
767,Wimpod,7,1,0,0,0,0,0,0,0,0,0,0,0,0,0,0,0,0,1
768,Golisopod,7,1,0,0,0,0,0,0,0,0,0,0,0,0,0,0,0,0,1
769,Sandygast,7,0,0,0,0,0,0,0,0,1,0,1,0,0,0,0,0,0,0
770,Palossand,7,0,0,0,0,0,0,0,0,1,0,1,0,0,0,0,0,0,0
771,Pyukumuku,7,0,0,0,0,0,0,0,0,0,0,0,0,0,0,0,0,0,1
772,Type-Null,7,0,0,0,0,0,0,0,0,0,0,0,0,1,0,0,0,0,0
773,Silvally,7,0,0,0,0,0,0,0,0,0,0,0,0,1,0,0,0,0,0
774,Minior,7,0,0,0,0,0,0,0,1,0,0,0,0,0,0,0,1,0,0
775,Komala,7,0,0,0,0,0,0,0,0,0,0,0,0,1,0,0,0,0,0
776,Turtonator,7,0,0,1,0,0,0,1,0,0,0,0,0,0,0,0,0,0,0
777,Togedemaru,7,0,0,0,1,0,0,0,0,0,0,0,0,0,0,0,0,1,0
778,Mimikyu,7,0,0,0,0,1,0,0,0,1,0,0,0,0,0,0,0,0,0
779,Bruxish,7,0,0,0,0,0,0,0,0,0,0,0,0,0,0,1,0,0,1
780,Drampa,7,0,0,1,0,0,0,0,0,0,0,0,0,1,0,0,0,0,0
781,Dhelmise,7,0,0,0,0,0,0,0,0,1,1,0,0,0,0,0,0,0,0
782,Jangmo-O,7,0,0,1,0,0,0,0,0,0,0,0,0,0,0,0,0,0,0
783,Hakamo-O,7,0,0,1,0,0,1,0,0,0,0,0,0,0,0,0,0,0,0
784,Kommo-O,7,0,0,1,0,0,1,0,0,0,0,0,0,0,0,0,0,0,0
785,Tapu-Koko,7,0,0,0,1,1,0,0,0,0,0,0,0,0,0,0,0,0,0
786,Tapu-Lele,7,0,0,0,0,1,0,0,0,0,0,0,0,0,0,1,0,0,0
787,Tapu-Bulu,7,0,0,0,0,1,0,0,0,0,1,0,0,0,0,0,0,0,0
788,Tapu-Fini,7,0,0,0,0,1,0,0,0,0,0,0,0,0,0,0,0,0,1
789,Cosmog,7,0,0,0,0,0,0,0,0,0,0,0,0,0,0,1,0,0,0
790,Cosmoem,7,0,0,0,0,0,0,0,0,0,0,0,0,0,0,1,0,0,0
791,Solgaleo,7,0,0,0,0,0,0,0,0,0,0,0,0,0,0,1,0,1,0
792,Lunala,7,0,0,0,0,0,0,0,0,1,0,0,0,0,0,1,0,0,0
793,Nihilego,7,0,0,0,0,0,0,0,0,0,0,0,0,0,1,0,1,0,0
794,Buzzwole,7,1,0,0,0,0,1,0,0,0,0,0,0,0,0,0,0,0,0
795,Pheromosa,7,1,0,0,0,0,1,0,0,0,0,0,0,0,0,0,0,0,0
796,Xurkitree,7,0,0,0,1,0,0,0,0,0,0,0,0,0,0,0,0,0,0
797,Celesteela,7,0,0,0,0,0,0,0,1,0,0,0,0,0,0,0,0,1,0
798,Kartana,7,0,0,0,0,0,0,0,0,0,1,0,0,0,0,0,0,1,0
799,Guzzlord,7,0,1,1,0,0,0,0,0,0,0,0,0,0,0,0,0,0,0
800,Necrozma,7,0,0,0,0,0,0,0,0,0,0,0,0,0,0,1,0,0,0
801,Magearna,7,0,0,0,0,1,0,0,0,0,0,0,0,0,0,0,0,1,0
,Marshadow,7,,,,,,,,,,,,,,,,,,
,Poipole,7,,,,,,,,,,,,,,,,,,
,Naganadel,7,,,,,,,,,,,,,,,,,,
,Stakataka,7,,,,,,,,,,,,,,,,,,
,Blacephalon,7,,,,,,,,,,,,,,,,,,
,Zeraora,7,,,,,,,,,,,,,,,,,,
,Meltan,7,,,,,,,,,,,,,,,,,,
,Melmetal,7,,,,,,,,,,,,,,,,,,
